{
  "sass-vars": [
    {
      "name": "control-radius",
      "value": "var(--bulma-radius)",
      "css-var": "control-radius"
    },
    {
      "name": "control-radius-small",
      "value": "var(--bulma-radius-small)",
      "css-var": "control-radius-small"
    },
    {
      "name": "control-border-width",
      "value": "1px",
      "css-var": "control-border-width"
    },
    {
      "name": "control-size",
      "value": "var(--bulma-size-normal)",
      "css-var": "control-size"
    },
    {
      "name": "control-height",
      "value": "2.5em",
      "css-var": "control-height"
    },
    {
      "name": "control-line-height",
      "value": "1.5",
      "css-var": "control-line-height"
    },
    {
      "name": "control-padding-vertical",
      "value": "calc(0.5em - 1px)",
      "css-var": "control-padding-vertical"
    },
    {
      "name": "control-padding-horizontal",
      "value": "calc(0.75em - 1px)",
      "css-var": "control-padding-horizontal"
    },
    {
      "name": "control-focus-shadow-l",
      "value": "50%",
      "css-var": "control-focus-shadow-l"
    },
    {
      "name": "label-color",
      "css-var": "label-color",
      "value": "var(--bulma-text-strong)"
    },
    {
      "name": "label-weight",
      "css-var": "label-weight",
      "value": "var(--bulma-weight-semibold)"
    },
    {
      "name": "help-size",
      "css-var": "help-size",
      "value": "var(--bulma-size-small)"
    }
  ],
  "css-vars": [
    {
      "name": "input-h",
      "value": "var(--bulma-scheme-h)"
    },
    {
      "name": "input-s",
      "value": "var(--bulma-scheme-s)"
    },
    {
      "name": "input-l",
      "value": "var(--bulma-scheme-main-l)"
    },
    {
      "name": "input-border-l",
      "value": "var(--bulma-border-l)"
    },
    {
      "name": "input-border-l-delta",
      "value": "0%"
    },
    {
      "name": "input-hover-border-l-delta",
      "value": "var(--bulma-hover-border-l-delta)"
    },
    {
      "name": "input-active-border-l-delta",
      "value": "var(--bulma-active-border-l-delta)"
    },
    {
      "name": "input-focus-h",
      "value": "var(--bulma-focus-h)"
    },
    {
      "name": "input-focus-s",
      "value": "var(--bulma-focus-s)"
    },
    {
      "name": "input-focus-l",
      "value": "var(--bulma-focus-l)"
    },
    {
      "name": "input-focus-shadow-size",
      "value": "var(--bulma-focus-shadow-size)"
    },
    {
      "name": "input-focus-shadow-alpha",
      "value": "var(--bulma-focus-shadow-alpha)"
    },
    {
      "name": "input-color-l",
      "value": "var(--bulma-text-strong-l)"
    },
    {
      "name": "input-background-l",
      "value": "var(--bulma-scheme-main-l)"
    },
    {
      "name": "input-background-l-delta",
      "value": "0%"
    },
    {
      "name": "input-height",
      "value": "var(--bulma-control-height)"
    },
    {
      "name": "input-shadow",
      "value": "inset 0 0.0625em 0.125em\n  hsla(\n    var(--bulma-scheme-h),\n    var(--bulma-scheme-s),\n    var(--bulma-scheme-invert-l),\n    0.05\n  )"
    },
    {
      "name": "input-placeholder-color",
      "value": "hsla(\n  var(--bulma-text-h),\n  var(--bulma-text-s),\n  var(--bulma-text-strong-l),\n  0.3\n)"
    },
    {
      "name": "input-disabled-color",
      "value": "var(--bulma-text-weak)"
    },
    {
      "name": "input-disabled-background-color",
      "value": "var(--bulma-background)"
    },
    {
      "name": "input-disabled-border-color",
      "value": "var(--bulma-background)"
    },
    {
      "name": "input-disabled-placeholder-color",
      "value": "hsla(\n  var(--bulma-text-h),\n  var(--bulma-text-s),\n  var(--bulma-text-weak-l),\n  0.3\n)"
    },
    {
      "name": "input-arrow",
      "value": "var(--bulma-link)"
    },
    {
      "name": "input-icon-color",
      "value": "var(--bulma-text-light)"
    },
    {
      "name": "input-icon-hover-color",
      "value": "var(--bulma-text-weak)"
    },
    {
      "name": "input-icon-focus-color",
      "value": "var(--bulma-link)"
    },
    {
      "name": "input-radius",
      "value": "var(--bulma-radius)"
    }
  ]
}
