{
  "sass-vars": [
    {
      "name": "form-colors",
      "value": "dv.$colors"
    },
    {
      "name": "input-h",
      "value": "var(--bulma-scheme-h)",
      "css-var": "input-h"
    },
    {
      "name": "input-s",
      "value": "var(--bulma-scheme-s)",
      "css-var": "input-s"
    },
    {
      "name": "input-l",
      "value": "var(--bulma-scheme-main-l)",
      "css-var": "input-l"
    },
    {
      "name": "input-border-l",
      "value": "var(--bulma-border-l)",
      "css-var": "input-border-l"
    },
    {
      "name": "input-border-l-delta",
      "value": "0%",
      "css-var": "input-border-l-delta"
    },
    {
      "name": "input-hover-border-l-delta",
      "value": "var(--bulma-hover-border-l-delta)",
      "css-var": "input-hover-border-l-delta"
    },
    {
      "name": "input-active-border-l-delta",
      "value": "var(--bulma-active-border-l-delta)",
      "css-var": "input-active-border-l-delta"
    },
    {
      "name": "input-color-l",
      "value": "var(--bulma-text-strong-l)",
      "css-var": "input-color-l"
    },
    {
      "name": "input-background-l",
      "value": "var(--bulma-scheme-main-l)",
      "css-var": "input-background-l"
    },
    {
      "name": "input-background-l-delta",
      "value": "0%",
      "css-var": "input-background-l-delta"
    },
    {
      "name": "input-height",
      "value": "var(--bulma-control-height)",
      "css-var": "input-height"
    },
    {
      "name": "input-shadow",
      "value": "inset 0 0.0625em 0.125em\n  hsla(\n    var(--bulma-scheme-h),\n    var(--bulma-scheme-s),\n    var(--bulma-scheme-invert-l),\n    0.05\n  )",
      "css-var": "input-shadow"
    },
    {
      "name": "input-placeholder-color",
      "value": "hsla(\n  var(--bulma-text-h),\n  var(--bulma-text-s),\n  var(--bulma-text-strong-l),\n  0.3\n)",
      "css-var": "input-placeholder-color"
    },
    {
      "name": "input-focus-h",
      "value": "var(--bulma-focus-h)",
      "css-var": "input-focus-h"
    },
    {
      "name": "input-focus-s",
      "value": "var(--bulma-focus-s)",
      "css-var": "input-focus-s"
    },
    {
      "name": "input-focus-l",
      "value": "var(--bulma-focus-l)",
      "css-var": "input-focus-l"
    },
    {
      "name": "input-focus-shadow-size",
      "value": "var(--bulma-focus-shadow-size)",
      "css-var": "input-focus-shadow-size"
    },
    {
      "name": "input-focus-shadow-alpha",
      "value": "var(--bulma-focus-shadow-alpha)",
      "css-var": "input-focus-shadow-alpha"
    },
    {
      "name": "input-disabled-color",
      "value": "var(--bulma-text-weak)",
      "css-var": "input-disabled-color"
    },
    {
      "name": "input-disabled-background-color",
      "value": "var(--bulma-background)",
      "css-var": "input-disabled-background-color"
    },
    {
      "name": "input-disabled-border-color",
      "value": "var(--bulma-background)",
      "css-var": "input-disabled-border-color"
    },
    {
      "name": "input-disabled-placeholder-color",
      "value": "hsla(\n  var(--bulma-text-h),\n  var(--bulma-text-s),\n  var(--bulma-text-weak-l),\n  0.3\n)",
      "css-var": "input-disabled-placeholder-color"
    },
    {
      "name": "input-arrow",
      "value": "var(--bulma-link)",
      "css-var": "input-arrow"
    },
    {
      "name": "input-icon-color",
      "value": "var(--bulma-text-light)",
      "css-var": "input-icon-color"
    },
    {
      "name": "input-icon-hover-color",
      "value": "var(--bulma-text-weak)",
      "css-var": "input-icon-hover-color"
    },
    {
      "name": "input-icon-focus-color",
      "value": "var(--bulma-link)",
      "css-var": "input-icon-focus-color"
    },
    {
      "name": "input-radius",
      "value": "var(--bulma-radius)",
      "css-var": "input-radius"
    }
  ],
  "css-vars": [
    {
      "name": "input-h",
      "value": "var(--bulma-scheme-h)"
    },
    {
      "name": "input-s",
      "value": "var(--bulma-scheme-s)"
    },
    {
      "name": "input-l",
      "value": "var(--bulma-scheme-main-l)"
    },
    {
      "name": "input-border-l",
      "value": "var(--bulma-border-l)"
    },
    {
      "name": "input-border-l-delta",
      "value": "0%"
    },
    {
      "name": "input-hover-border-l-delta",
      "value": "var(--bulma-hover-border-l-delta)"
    },
    {
      "name": "input-active-border-l-delta",
      "value": "var(--bulma-active-border-l-delta)"
    },
    {
      "name": "input-focus-h",
      "value": "var(--bulma-focus-h)"
    },
    {
      "name": "input-focus-s",
      "value": "var(--bulma-focus-s)"
    },
    {
      "name": "input-focus-l",
      "value": "var(--bulma-focus-l)"
    },
    {
      "name": "input-focus-shadow-size",
      "value": "var(--bulma-focus-shadow-size)"
    },
    {
      "name": "input-focus-shadow-alpha",
      "value": "var(--bulma-focus-shadow-alpha)"
    },
    {
      "name": "input-color-l",
      "value": "var(--bulma-text-strong-l)"
    },
    {
      "name": "input-background-l",
      "value": "var(--bulma-scheme-main-l)"
    },
    {
      "name": "input-background-l-delta",
      "value": "0%"
    },
    {
      "name": "input-height",
      "value": "var(--bulma-control-height)"
    },
    {
      "name": "input-shadow",
      "value": "inset 0 0.0625em 0.125em\n  hsla(\n    var(--bulma-scheme-h),\n    var(--bulma-scheme-s),\n    var(--bulma-scheme-invert-l),\n    0.05\n  )"
    },
    {
      "name": "input-placeholder-color",
      "value": "hsla(\n  var(--bulma-text-h),\n  var(--bulma-text-s),\n  var(--bulma-text-strong-l),\n  0.3\n)"
    },
    {
      "name": "input-disabled-color",
      "value": "var(--bulma-text-weak)"
    },
    {
      "name": "input-disabled-background-color",
      "value": "var(--bulma-background)"
    },
    {
      "name": "input-disabled-border-color",
      "value": "var(--bulma-background)"
    },
    {
      "name": "input-disabled-placeholder-color",
      "value": "hsla(\n  var(--bulma-text-h),\n  var(--bulma-text-s),\n  var(--bulma-text-weak-l),\n  0.3\n)"
    },
    {
      "name": "input-arrow",
      "value": "var(--bulma-link)"
    },
    {
      "name": "input-icon-color",
      "value": "var(--bulma-text-light)"
    },
    {
      "name": "input-icon-hover-color",
      "value": "var(--bulma-text-weak)"
    },
    {
      "name": "input-icon-focus-color",
      "value": "var(--bulma-link)"
    },
    {
      "name": "input-radius",
      "value": "var(--bulma-radius)"
    }
  ]
}