{
  "sass-vars": [
    {
      "name": "box-background-color",
      "value": "var(--bulma-scheme-main)",
      "css-var": "box-background-color"
    },
    {
      "name": "box-color",
      "value": "var(--bulma-text)",
      "css-var": "box-color"
    },
    {
      "name": "box-radius",
      "value": "var(--bulma-radius-large)",
      "css-var": "box-radius"
    },
    {
      "name": "box-shadow",
      "value": "var(--bulma-shadow)",
      "css-var": "box-shadow"
    },
    {
      "name": "box-padding",
      "value": "1.25rem",
      "css-var": "box-padding"
    },
    {
      "name": "box-link-hover-shadow",
      "value": "0 0.5em 1em -0.125em hsla(\n  var(--bulma-scheme-h),\n  var(--bulma-scheme-s),\n  var(--bulma-scheme-invert-l),\n  0.1\n),\n0 0 0 1px var(--bulma-link)",
      "css-var": "box-link-hover-shadow"
    },
    {
      "name": "box-link-active-shadow",
      "value": "inset 0 1px 2px hsla(\n  var(--bulma-scheme-h),\n  var(--bulma-scheme-s),\n  var(--bulma-scheme-invert-l),\n  0.2\n),\n0 0 0 1px var(--bulma-link)",
      "css-var": "box-link-active-shadow"
    }
  ],
  "css-vars": [
    {
      "name": "box-background-color",
      "value": "var(--bulma-scheme-main)"
    },
    {
      "name": "box-color",
      "value": "var(--bulma-text)"
    },
    {
      "name": "box-radius",
      "value": "var(--bulma-radius-large)"
    },
    {
      "name": "box-shadow",
      "value": "var(--bulma-shadow)"
    },
    {
      "name": "box-padding",
      "value": "1.25rem"
    },
    {
      "name": "box-link-hover-shadow",
      "value": "0 0.5em 1em -0.125em hsla(\nvar(--bulma-scheme-h),\nvar(--bulma-scheme-s), var(--bulma-scheme-invert-l), 0.1),\n0 0 0 1px var(--bulma-link)"
    },
    {
      "name": "box-link-active-shadow",
      "value": "inset 0 1px 2px hsla( var(--bulma-scheme-h), var(--bulma-scheme-s), var(--bulma-scheme-invert-l), 0.2),\n0 0 0 1px var(--bulma-link)"
    }
  ]
}
