{
  "axbom": {
    "name": "Per Axbom",
    "hue": 339,
    "content": "The most beautifully written framework I've ever had the pleasure of working with."
  },
  "ale_codes": {
    "name": "Alejandro Barrera A.",
    "hue": 79,
    "content": "Bulma CSS by @jgthms is just perfect."
  },
  "MyTopSecretName": {
    "name": "Jamie",
    "hue": 219,
    "content": "After 5 minutes I have #bulmaio working. It's a miracle!!!! @jgthms"
  },
  "jesseschoff": {
    "name": "Jesse Schoff",
    "hue": 299,
    "content": "Bulma, I think I'm in love."
  },
  "infinitysearch": {
    "name": "Infinity Search",
    "hue": 129,
    "content": "We're very happy that @jgthms created the Bulma CSS framework."
  },
  "bruhandle": {
    "name": "Bruh",
    "hue": 9,
    "content": "With Bulma, I was able to make each one of my pages on my website’s templates in one single day with no prior knowledge on how to use it."
  }
}
