{
  "sass-vars": [
    {
      "name": "black",
      "value": "hsl(221, 14%, 4%)"
    },
    {
      "name": "black-bis",
      "value": "hsl(221, 14%, 9%)"
    },
    {
      "name": "black-ter",
      "value": "hsl(221, 14%, 14%)"
    },
    {
      "name": "grey-darker",
      "value": "hsl(221, 14%, 21%)"
    },
    {
      "name": "grey-dark",
      "value": "hsl(221, 14%, 29%)"
    },
    {
      "name": "grey",
      "value": "hsl(221, 14%, 48%)"
    },
    {
      "name": "grey-light",
      "value": "hsl(221, 14%, 71%)"
    },
    {
      "name": "grey-lighter",
      "value": "hsl(221, 14%, 86%)"
    },
    {
      "name": "grey-lightest",
      "value": "hsl(221, 14%, 93%)"
    },
    {
      "name": "white-ter",
      "value": "hsl(221, 14%, 96%)"
    },
    {
      "name": "white-bis",
      "value": "hsl(221, 14%, 98%)"
    },
    {
      "name": "white",
      "value": "hsl(221, 14%, 100%)"
    },
    {
      "name": "orange",
      "value": "hsl(14, 100%, 53%)"
    },
    {
      "name": "yellow",
      "value": "hsl(42, 100%, 53%)"
    },
    {
      "name": "green",
      "value": "hsl(153, 53%, 53%)"
    },
    {
      "name": "turquoise",
      "value": "hsl(171, 100%, 41%)"
    },
    {
      "name": "cyan",
      "value": "hsl(198, 100%, 70%)"
    },
    {
      "name": "blue",
      "value": "hsl(233, 100%, 63%)"
    },
    {
      "name": "purple",
      "value": "hsl(271, 100%, 71%)"
    },
    {
      "name": "red",
      "value": "hsl(348, 100%, 70%)"
    },
    {
      "name": "family-sans-serif",
      "value": "\"Inter\", \"SF Pro\", \"Segoe UI\", \"Roboto\", \"Oxygen\", \"Ubuntu\",\n  \"Helvetica Neue\", \"Helvetica\", \"Arial\", sans-serif"
    },
    {
      "name": "family-monospace",
      "value": "\"Inconsolata\", \"Hack\", \"SF Mono\", \"Roboto Mono\",\n  \"Source Code Pro\", \"Ubuntu Mono\", monospace"
    },
    {
      "name": "render-mode",
      "value": "optimizeLegibility"
    },
    {
      "name": "size-1",
      "value": "3rem"
    },
    {
      "name": "size-2",
      "value": "2.5rem"
    },
    {
      "name": "size-3",
      "value": "2rem"
    },
    {
      "name": "size-4",
      "value": "1.5rem"
    },
    {
      "name": "size-5",
      "value": "1.25rem"
    },
    {
      "name": "size-6",
      "value": "1rem"
    },
    {
      "name": "size-7",
      "value": "0.75rem"
    },
    {
      "name": "weight-light",
      "value": "300"
    },
    {
      "name": "weight-normal",
      "value": "400"
    },
    {
      "name": "weight-medium",
      "value": "500"
    },
    {
      "name": "weight-semibold",
      "value": "600"
    },
    {
      "name": "weight-bold",
      "value": "700"
    },
    {
      "name": "weight-extrabold",
      "value": "800"
    },
    {
      "name": "block-spacing",
      "value": "1.5rem"
    },
    {
      "name": "aspect-ratios",
      "value": "(\n  (1, 1),\n  (5, 4),\n  (4, 3),\n  (3, 2),\n  (5, 3),\n  (16, 9),\n  (2, 1),\n  (3, 1),\n  (4, 5),\n  (3, 4),\n  (2, 3),\n  (3, 5),\n  (9, 16),\n  (1, 2),\n  (1, 3)\n)"
    },
    {
      "name": "gap",
      "value": "32px"
    },
    {
      "name": "tablet",
      "value": "769px"
    },
    {
      "name": "desktop",
      "value": "960px + 2 * $gap"
    },
    {
      "name": "widescreen",
      "value": "1152px + 2 * $gap"
    },
    {
      "name": "widescreen-enabled",
      "value": "true"
    },
    {
      "name": "fullhd",
      "value": "1344px + 2 * $gap"
    },
    {
      "name": "fullhd-enabled",
      "value": "true"
    },
    {
      "name": "breakpoints",
      "value": "(\n  \"mobile\": (\n    \"until\": $tablet,\n  ),\n  \"tablet\": (\n    \"from\": $tablet,\n  ),\n  \"tablet-only\": (\n    \"from\": $tablet,\n    \"until\": $desktop,\n  ),\n  \"touch\": (\n    \"from\": $desktop,\n  ),\n  \"desktop\": (\n    \"from\": $desktop,\n  ),\n  \"desktop-only\": (\n    \"from\": $desktop,\n    \"until\": $widescreen,\n  ),\n  \"until-widescreen\": (\n    \"until\": $widescreen,\n  ),\n  \"widescreen\": (\n    \"from\": $widescreen,\n  ),\n  \"widescreen-only\": (\n    \"from\": $widescreen,\n    \"until\": $fullhd,\n  ),\n  \"until-fullhd\": (\n    \"until\": $fullhd,\n  ),\n  \"fullhd\": (\n    \"from\": $fullhd,\n  ),\n)"
    },
    {
      "name": "duration",
      "value": "294ms"
    },
    {
      "name": "easing",
      "value": "ease-out"
    },
    {
      "name": "radius-small",
      "value": "0.25rem"
    },
    {
      "name": "radius",
      "value": "0.375rem"
    },
    {
      "name": "radius-medium",
      "value": "0.5em"
    },
    {
      "name": "radius-large",
      "value": "0.75rem"
    },
    {
      "name": "radius-rounded",
      "value": "9999px"
    },
    {
      "name": "speed",
      "value": "86ms"
    },
    {
      "name": "variable-columns",
      "value": "true"
    },
    {
      "name": "rtl",
      "value": "false"
    },
    {
      "name": "class-prefix",
      "value": "\"\""
    },
    {
      "name": "cssvars-prefix",
      "value": "\"bulma-\""
    },
    {
      "name": "helpers-prefix",
      "value": "\"is-\""
    },
    {
      "name": "helpers-has-prefix",
      "value": "\"has-\""
    }
  ],
  "css-vars": []
}