{
  "sass-vars": [
    {
      "name": "card-color",
      "value": "var(--bulma-text)",
      "css-var": "card-color"
    },
    {
      "name": "card-background-color",
      "value": "var(--bulma-scheme-main)",
      "css-var": "card-background-color"
    },
    {
      "name": "card-shadow",
      "value": "var(--bulma-shadow)",
      "css-var": "card-shadow"
    },
    {
      "name": "card-radius",
      "value": "0.75rem",
      "css-var": "card-radius"
    },
    {
      "name": "card-header-background-color",
      "value": "transparent",
      "css-var": "card-header-background-color"
    },
    {
      "name": "card-header-color",
      "value": "var(--bulma-text-strong)",
      "css-var": "card-header-color"
    },
    {
      "name": "card-header-padding",
      "value": "0.75rem 1rem",
      "css-var": "card-header-padding"
    },
    {
      "name": "card-header-shadow",
      "value": "0 0.125em 0.25em hsla(\n  var(--bulma-scheme-h),\n  var(--bulma-scheme-s),\n  var(--bulma-scheme-invert-l),\n  0.1\n)",
      "css-var": "card-header-shadow"
    },
    {
      "name": "card-header-weight",
      "value": "var(--bulma-weight-bold)",
      "css-var": "card-header-weight"
    },
    {
      "name": "card-content-background-color",
      "value": "transparent",
      "css-var": "card-content-background-color"
    },
    {
      "name": "card-content-padding",
      "value": "1.5rem",
      "css-var": "card-content-padding"
    },
    {
      "name": "card-footer-background-color",
      "value": "transparent",
      "css-var": "card-footer-background-color"
    },
    {
      "name": "card-footer-border-top",
      "value": "1px solid var(--bulma-border-weak)",
      "css-var": "card-footer-border-top"
    },
    {
      "name": "card-footer-padding",
      "value": "0.75rem",
      "css-var": "card-footer-padding"
    },
    {
      "name": "card-media-margin",
      "value": "var(--bulma-block-spacing)",
      "css-var": "card-media-margin"
    }
  ],
  "css-vars": [
    {
      "name": "card-color",
      "value": "var(--bulma-text)"
    },
    {
      "name": "card-background-color",
      "value": "var(--bulma-scheme-main)"
    },
    {
      "name": "card-shadow",
      "value": "var(--bulma-shadow)"
    },
    {
      "name": "card-radius",
      "value": "0.75rem"
    },
    {
      "name": "card-header-background-color",
      "value": "transparent"
    },
    {
      "name": "card-header-color",
      "value": "var(--bulma-text-strong)"
    },
    {
      "name": "card-header-padding",
      "value": "0.75rem 1rem"
    },
    {
      "name": "card-header-shadow",
      "value": "0 0.125em 0.25em\n  hsla(\n    var(--bulma-scheme-h),\n    var(--bulma-scheme-s),\n    var(--bulma-scheme-invert-l),\n    0.1\n  )"
    },
    {
      "name": "card-header-weight",
      "value": "var(--bulma-weight-bold)"
    },
    {
      "name": "card-content-background-color",
      "value": "transparent"
    },
    {
      "name": "card-content-padding",
      "value": "1.5rem"
    },
    {
      "name": "card-footer-background-color",
      "value": "transparent"
    },
    {
      "name": "card-footer-border-top",
      "value": "1px solid var(--bulma-border-weak)"
    },
    {
      "name": "card-footer-padding",
      "value": "0.75rem"
    },
    {
      "name": "card-media-margin",
      "value": "var(--bulma-block-spacing)"
    }
  ]
}
